fixture,rate,filter,mean_raw_filter,mean_filter_curve,mean_raw_curve,mean_filter_unspaced_curve,mean_filter_last_accepted,raw_filter_equivalent_ms,filter_curve_equivalent_ms,accepted,samples,finish_samples,synthetic_time_extension_ms,terminal_displacement
line_12,60,raw,0,0.7967213114754098,0.7967213114754098,0.20000000000000004,0.19672131147540983,0,66.39344262295081,41,121,0,0,0.6000000000000014
line_12,60,one_euro_35,0.23823151751066995,0.8032786885278317,1.0415102060385015,0.20000000000039464,0.203278688525112,19.852626459222495,66.93989071065263,40,121,3,24,1.2382315175097247
line_12,60,one_euro_100,2.0265271801553726,0.7993928025086893,2.8259199826640606,0.19987121012115572,0.19986314845444608,168.87726501294773,66.6160668757241,38,121,66,528,2.8277960074445048
line_12,60,fixed_S4_T0,0.3000000000000014,0.80327868852459,1.1032786885245913,0.19999999999999993,0.2032786885245902,25.000000000000117,66.93989071038249,40,121,,,
line_12,60,fixed_S12_T0,1.100000000000002,0.8032786885245888,1.9032786885245911,0.19999999999999982,0.20327868852458886,91.66666666666684,66.93989071038241,39,121,,,
line_12,60,fixed_S24_T12,2.2931469391031176,0.7940961934543894,3.0872431325575054,0.1987539268273503,0.19864771464060388,191.09557825859312,66.17468278786579,38,121,,,
line_12,120,raw,0,0.6983471074380165,0.6983471074380165,0.1,0.19834710743801653,0,58.19559228650137,49,241,0,0,0.5
line_12,120,one_euro_35,0.23823151750985602,0.6983471074383625,0.936578624948218,0.10000000000002734,0.1983471074380705,19.852626459154667,58.19559228653021,48,241,3,24,0.7382315175097247
line_12,120,one_euro_100,2.026731360271065,0.8506724587229235,2.8774038189939874,0.09994567394277545,0.25109109295910403,168.89428002258873,70.88937156024362,38,241,66,528,3.0278014821318067
line_12,120,fixed_S4_T0,0.14999999999999936,0.7000000000000017,0.8500000000000009,0.09999999999999995,0.20000000000000207,12.499999999999947,58.33333333333348,48,241,,,
line_12,120,fixed_S12_T0,0.5500000000000036,0.6999999999999964,1.2500000000000002,0.09999999999999998,0.19999999999999651,45.833333333333634,58.33333333333304,47,241,,,
line_12,120,fixed_S24_T12,1.1500000000000044,0.6999999999999978,1.8500000000000008,0.09999999999999995,0.19999999999999868,95.8333333333337,58.33333333333315,45,241,,,
line_12,240,raw,0,0.7240663900414938,0.7240663900414938,0.05,0.22406639004149378,0,60.33886583679115,49,481,0,0,0.5
line_12,240,one_euro_35,0.23823151750976712,0.7358921161827121,0.9741236336924783,0.05000000000000425,0.2296680497925565,19.85262645914726,61.32434301522601,48,481,3,24,0.7382315175097247
line_12,240,one_euro_100,2.0268251494333493,0.7990981366446727,2.825923286078022,0.04997514951789034,0.24944947380557494,168.90209578611245,66.59151138705606,41,481,66,528,2.877807356806848
line_12,240,fixed_S4_T0,0.0749999999999991,0.7282157676348535,0.8032157676348526,0.05,0.22614107883817233,6.2499999999999245,60.68464730290446,48,481,,,
line_12,240,fixed_S12_T0,0.2750000000000017,0.7244813278008286,0.9994813278008299,0.05000000000000002,0.22448132780082833,22.916666666666806,60.37344398340239,48,481,,,
line_12,240,fixed_S24_T12,0.5750000000000023,0.7317427385892105,1.3067427385892123,0.04999999999999999,0.22759336099584948,47.916666666666856,60.97856154910087,47,481,,,
line_180,60,raw,0,3,3,3,0,0,16.666666666666668,121,121,0,0,3
line_180,60,one_euro_35,2.16090000005564,3.0000000000233005,5.160900000078941,3.0000000000233005,0,12.005000000309112,16.666666666796115,121,121,8,64,5.1609000000000265
line_180,60,one_euro_100,28.062736861863005,2.9988610960121216,31.06159795787513,2.9988610960121216,0,155.90409367701668,16.660339422289564,120,121,123,984,31.073237068518267
line_180,60,fixed_S4_T0,4.5,3,7.5,3,0,25,16.666666666666668,121,121,,,
line_180,60,fixed_S12_T0,16.5,3,19.5,3,0,91.66666666666666,16.666666666666668,121,121,,,
line_180,60,fixed_S24_T12,34.397204086546715,2.9813089024102557,37.37851298895697,2.9813089024102557,0,191.09557825859287,16.56282723561253,120,121,,,
line_180,120,raw,0,1.5,1.5,1.5,0,0,8.333333333333334,241,241,0,0,1.5
line_180,120,one_euro_35,2.160900000007708,1.5000000000016112,3.6609000000093186,1.5000000000016112,0,12.005000000042822,8.333333333342285,240,241,8,64,3.6609000000000265
line_180,120,one_euro_100,28.064621667654873,1.4995312557710292,29.5641529234259,1.4995312557710292,0,155.91456482030486,8.33072919872794,236,241,123,984,29.57328439953642
line_180,120,fixed_S4_T0,2.25,1.5,3.75,1.5,0,12.5,8.333333333333334,241,241,,,
line_180,120,fixed_S12_T0,8.25,1.5,9.75,1.5,0,45.83333333333333,8.333333333333334,241,241,,,
line_180,120,fixed_S24_T12,17.25,1.5,18.75,1.5,0,95.83333333333334,8.333333333333334,240,241,,,
line_180,240,raw,0,0.75,0.75,0.75,0,0,4.166666666666667,481,481,0,0,0.75
line_180,240,one_euro_35,2.1609000000024072,0.75000000000025,2.910900000002671,0.75000000000025,0,12.005000000013373,4.166666666668055,478,481,8,64,2.9109000000000265
line_180,240,one_euro_100,28.0654739077263,0.7497883960641443,28.815262303790455,0.7497883960641443,0,155.91929948736833,4.165491089245246,456,481,123,984,28.82330324187984
line_180,240,fixed_S4_T0,1.125,0.75,1.875,0.75,0,6.25,4.166666666666667,480,481,,,
line_180,240,fixed_S12_T0,4.125,0.75,4.875,0.75,0,22.916666666666664,4.166666666666667,480,481,,,
line_180,240,fixed_S24_T12,8.625,0.75,9.375,0.75,0,47.91666666666667,4.166666666666667,476,481,,,
line_600,60,raw,0,10,10,10,0,0,16.666666666666668,121,121,0,0,10
line_600,60,one_euro_35,3.622810651016322,10.000000000053914,13.622810651070235,10.000000000053914,0,6.03801775169387,16.666666666756527,121,121,6,48,13.622810650887686
line_600,60,one_euro_100,78.45336299112864,9.998958028183209,88.45232101931188,9.998958028183209,0,130.7556049852144,16.664930046972014,121,121,144,1152,88.46149086076434
line_600,60,fixed_S4_T0,15.000000000000002,10,25,10,0,25,16.666666666666668,121,121,,,
line_600,60,fixed_S12_T0,55,10,65,10,0,91.66666666666666,16.666666666666668,121,121,,,
line_600,60,fixed_S24_T12,114.65734695515572,9.93769634136752,124.59504329652323,9.93769634136752,0,191.09557825859287,16.56282723561253,121,121,,,
line_600,120,raw,0,5,5,5,0,0,8.333333333333334,241,241,0,0,5
line_600,120,one_euro_35,3.622810650905407,5.000000000003727,8.622810650909134,5.000000000003727,0,6.038017751509011,8.333333333339546,241,241,6,48,8.622810650887686
line_600,120,one_euro_100,78.45524478862323,4.999598932601571,83.45484372122483,4.999598932601571,0,130.75874131437206,8.332664887669285,240,241,144,1152,83.46150917277168
line_600,120,fixed_S4_T0,7.500000000000001,5,12.5,5,0,12.5,8.333333333333334,241,241,,,
line_600,120,fixed_S12_T0,27.5,5,32.5,5,0,45.83333333333333,8.333333333333334,241,241,,,
line_600,120,fixed_S24_T12,57.5,5,62.5,5,0,95.83333333333334,8.333333333333334,241,241,,,
line_600,240,raw,0,2.5,2.5,2.5,0,0,4.166666666666667,481,481,0,0,2.5
line_600,240,one_euro_35,3.6228106508931326,2.5000000000005778,6.12281065089371,2.5000000000005778,0,6.038017751488554,4.16666666666763,480,481,6,48,6.122810650887686
line_600,240,one_euro_100,78.45605895315515,2.4998254078200715,80.95588436097526,2.4998254078200715,0,130.76009825525858,4.166375679700119,476,481,144,1152,80.96151581486401
line_600,240,fixed_S4_T0,3.75,2.5,6.25,2.5,0,6.25,4.166666666666667,481,481,,,
line_600,240,fixed_S12_T0,13.75,2.5,16.25,2.5,0,22.916666666666664,4.166666666666667,481,481,,,
line_600,240,fixed_S24_T12,28.75,2.5,31.25,2.5,0,47.91666666666667,4.166666666666667,480,481,,,
jitter_12hz,60,raw,0,1.8696603610637752,1.8696603610637752,1.8696603610637752,0,,,121,121,0,0,2.148961141749635
jitter_12hz,60,one_euro_35,1.2808852028364253,1.3047653022112193,2.5856505050476444,1.3047653022112193,0,,,121,121,7,56,2.2287223280898707
jitter_12hz,60,one_euro_100,9.956589932897842,1.0084726192770075,10.965062552174851,1.0084726192770075,0,,,117,121,100,800,10.872317464767937
jitter_12hz,60,fixed_S4_T0,2.116163477815649,1.0818816469119246,3.0311402062722625,1.0818816469119246,0,,,121,121,,,
jitter_12hz,60,fixed_S12_T0,5.640389964522721,1.0243446197342554,6.663643287318746,1.0243446197342554,0,,,121,121,,,
jitter_12hz,60,fixed_S24_T12,11.553002935307475,0.9963441868760602,12.544917873250792,0.9963441868760602,0,,,119,121,,,
jitter_12hz,120,raw,0,0.9663727011007883,0.9663727011007883,0.9663727011007883,0,,,241,241,0,0,1.2774842508814435
jitter_12hz,120,one_euro_35,1.3453790384872777,0.8966427390704619,2.2291656075700215,0.6877689238270525,0.09798406213307191,,,192,241,7,56,2.2319547369067934
jitter_12hz,120,one_euro_100,9.957908181449927,0.7021691985805266,10.659481603711209,0.5045527606236093,0.09886860800068761,,,163,241,100,800,10.867005329340023
jitter_12hz,120,fixed_S4_T0,1.3427445634215547,0.8119973386951237,2.107291724856363,0.8119973386951237,0,,,240,241,,,
jitter_12hz,120,fixed_S12_T0,2.994728192719597,0.5187223537686901,3.492519025357692,0.5187223537686901,0,,,229,241,,,
jitter_12hz,120,fixed_S24_T12,5.896530977834273,0.5122531263319745,6.408312137205031,0.5122531263319745,0,,,206,241,,,
jitter_12hz,240,raw,0,0.651482734496563,0.651482734496563,0.4873094445726308,0.06442153692555229,,,385,481,0,0,0.6666828415746701
jitter_12hz,240,one_euro_35,1.3867112211270343,0.8768674387468951,2.255218414165414,0.35523146339276623,0.17695525768493156,,,240,481,8,64,1.8858796615006574
jitter_12hz,240,one_euro_100,9.95821503187781,0.7183817273346084,10.675645047518223,0.2523597370512505,0.16293435400898174,,,189,481,100,800,10.614565787251673
jitter_12hz,240,fixed_S4_T0,0.7167949874788196,0.7424358473461273,1.4220136204109244,0.4661873295685287,0.1098334804382144,,,335,481,,,
jitter_12hz,240,fixed_S12_T0,2.117310551759182,0.8191420881949628,2.79953275928333,0.3311408018795644,0.16500706167404955,,,240,481,,,
jitter_12hz,240,fixed_S24_T12,3.1179843311060353,0.6477456486437545,3.7513584868243157,0.25934913983281616,0.13021868217014831,,,230,481,,,
corner,60,raw,0,2,2,2,0,,,121,121,0,0,2
corner,60,one_euro_35,1.6730211446317058,1.9788801096353847,3.65190125426709,1.9788801096353847,0,,,121,121,8,64,3.6774109598260907
corner,60,one_euro_100,17.501509170423013,1.816510032174761,19.31801920259778,1.816510032174761,0,,,120,121,115,920,21.189284029351896
corner,60,fixed_S4_T0,2.9782103295140336,1.9766637905334667,4.9498545966797485,1.9766637905334667,0,,,121,121,,,
corner,60,fixed_S12_T0,10.693700545056766,1.926335906497481,12.605677673813727,1.926335906497481,0,,,121,121,,,
corner,60,fixed_S24_T12,21.617279235668004,1.8402494421316022,23.430150839965595,1.8402494421316022,0,,,120,121,,,
corner,120,raw,0,1,1,1,0,,,241,241,0,0,1
corner,120,one_euro_35,1.674039409293343,0.9904508350934651,2.664490244386807,0.9904508350934651,0,,,240,241,8,64,2.677410959030567
corner,120,one_euro_100,17.526720887595392,0.9096240080188267,18.43634489561421,0.9096240080188267,0,,,233,241,115,920,20.199160029974284
corner,120,fixed_S4_T0,1.4945075623981652,0.9941177323245516,2.48736004296473,0.9941177323245516,0,,,240,241,,,
corner,120,fixed_S12_T0,5.422792286150672,0.9814317780840758,6.400604702903461,0.9814317780840758,0,,,240,241,,,
corner,120,fixed_S24_T12,11.166571212028844,0.9626913051968444,12.122054358810635,0.9626913051968444,0,,,238,241,,,
corner,240,raw,0,0.5539419087136922,0.5539419087136922,0.5,0.026970954356845708,,,468,481,0,0,0.5
corner,240,one_euro_35,1.6748987286191206,0.5420013061634026,2.2166900970382124,0.4955973665770335,0.016202573285830715,,,464,481,8,64,2.177410958943227
corner,240,one_euro_100,17.540117905641324,1.136869215303602,18.67694397428701,0.45517810196640884,0.2265458080576892,,,234,481,115,920,20.2025331394288
corner,240,fixed_S4_T0,0.7486211930501617,0.5230593199651529,1.2703449908141455,0.4985233311437152,0.011579126203493934,,,472,481,,,
corner,240,fixed_S12_T0,2.7306179805481983,0.5235339336065018,3.251022307292858,0.4953386828800273,0.010074176785869624,,,459,481,,,
corner,240,fixed_S24_T12,5.666296922521764,0.5491571413324227,6.210022378355239,0.4906341243336477,0.020191707013786322,,,431,481,,,
loop,60,raw,0,2.6176948307873156,2.6176948307873156,2.6176948307873156,0,,,121,121,0,0,2.6176948307872783
loop,60,one_euro_35,1.99793094685894,2.6128675089487525,4.610798455807694,2.6128675089487525,0,,,121,121,8,64,4.610798455874265
loop,60,one_euro_100,21.979540645507573,2.32223486816456,24.301775513672133,2.32223486816456,0,,,120,121,117,936,24.29366920886295
loop,60,fixed_S4_T0,3.923552787472498,2.6132115816913375,6.535270886415201,2.6132115816913375,0,,,121,121,,,
loop,60,fixed_S12_T0,14.255344235451817,2.5751416197912276,16.816393537706034,2.5751416197912276,0,,,121,121,,,
loop,60,fixed_S24_T12,28.784077194184796,2.434787247007036,31.165471488538397,2.434787247007036,0,,,120,121,,,
loop,120,raw,0,1.3089595571344441,1.3089595571344441,1.3089595571344441,0,,,241,241,0,0,1.3089595571344437
loop,120,one_euro_35,1.997839384828452,1.3072298029130218,3.305069187741474,1.3072298029130218,0,,,240,241,8,64,3.3050691877493805
loop,120,one_euro_100,22.090629674054732,1.167127976766727,23.25775765082146,1.167127976766727,0,,,235,241,117,936,23.25134387116178
loop,120,fixed_S4_T0,1.9630655487584205,1.3083989060735954,3.271277600323842,1.3083989060735954,0,,,241,241,,,
loop,120,fixed_S12_T0,7.181476663488255,1.3036205420019233,8.483320415885464,1.3036205420019233,0,,,241,241,,,
loop,120,fixed_S24_T12,14.896068544986509,1.287570809895614,16.176556625834273,1.287570809895614,0,,,239,241,,,
loop,240,raw,0,0.6544937967351859,0.6544937967351859,0.6544937967351859,0,,,481,481,0,0,0.6544937967351854
loop,240,one_euro_35,1.9977650941837175,0.6538000315737635,2.651565125757477,0.6538000315737635,0,,,478,481,8,64,2.651565125759753
loop,240,one_euro_100,22.146530773564837,0.5850755575477551,22.73160633111258,0.5850755575477551,0,,,447,481,118,944,22.725933152688732
loop,240,fixed_S4_T0,0.9816939684656054,0.6544237076968287,1.636094314061511,0.6544237076968287,0,,,479,481,,,
loop,240,fixed_S12_T0,3.59748908781932,0.6538257977320413,4.2510923093175075,0.6538257977320413,0,,,475,481,,,
loop,240,fixed_S24_T12,7.506995845478758,0.6518102710009616,8.157913074384394,0.6518102710009616,0,,,472,481,,,
accelerating,60,raw,0,7.458333333333334,7.458333333333334,7.458333333333334,0,,,117,121,0,0,9.958333333333371
accelerating,60,one_euro_35,3.318190697854771,7.444554305977201,10.762745003831972,7.444554305977201,0,,,116,121,6,48,13.616809187890226
accelerating,60,one_euro_100,57.01267614505519,6.852616832882947,63.86529297793813,6.852616832882947,0,,,111,121,143,1144,83.80120442536804
accelerating,60,fixed_S4_T0,11.104166666666663,7.333333333333332,18.4375,7.333333333333332,0,,,116,121,,,
accelerating,60,fixed_S12_T0,39.493055555555586,7,46.49305555555556,7,0,,,114,121,,,
accelerating,60,fixed_S24_T12,78.6048047189207,6.477241858027301,85.08204657694802,6.477241858027301,0,,,112,121,,,
accelerating,120,raw,0,3.7395833333333335,3.7395833333333335,3.7395833333333335,0,,,225,241,0,0,4.989583333333371
accelerating,120,one_euro_35,3.3221374814492415,3.7327541685251053,7.054891649974346,3.7327541685251053,0,,,223,241,6,48,8.654626759444795
accelerating,120,one_euro_100,57.17562954176778,3.437392178144735,60.613021719912524,3.437392178144735,0,,,211,241,143,1144,79.23611537697377
accelerating,120,fixed_S4_T0,5.588541666666667,3.7083333333333326,9.296874999999998,3.7083333333333326,0,,,224,241,,,
accelerating,120,fixed_S12_T0,20.18576388888892,3.6249999999999996,23.810763888888903,3.6249999999999996,0,,,220,241,,,
accelerating,120,fixed_S24_T12,41.2482638888889,3.4999999999999982,44.74826388888891,3.4999999999999982,0,,,216,241,,,
accelerating,240,raw,0,1.8723958333333335,1.8723958333333335,1.8723958333333335,0,,,419,481,0,0,2.4973958333333712
accelerating,240,one_euro_35,3.3241032300234403,1.8689961653698093,5.193099395393247,1.8689961653698093,0,,,416,481,6,48,6.165700545069512
accelerating,240,one_euro_100,57.25706359827336,1.721467747617405,58.97853134589075,1.721467747617405,0,,,387,481,143,1144,76.9452770469477
accelerating,240,fixed_S4_T0,2.8033854166666647,1.864583333333333,4.667968749999995,1.864583333333333,0,,,417,481,,,
accelerating,240,fixed_S12_T0,10.202690972222232,1.8437500000000002,12.046440972222225,1.8437500000000002,0,,,413,481,,,
accelerating,240,fixed_S24_T12,21.09331597222225,1.8124999999999996,22.90581597222225,1.8124999999999996,0,,,408,481,,,
tap_pressure_ramp,60,raw,0,0,0,0,0,,,1,121,0,0,0
tap_pressure_ramp,60,one_euro_35,0,0,0,0,0,,,1,121,0,0,0
tap_pressure_ramp,60,one_euro_100,0,0,0,0,0,,,1,121,0,0,0
tap_pressure_ramp,60,fixed_S4_T0,0,0,0,0,0,,,1,121,,,
tap_pressure_ramp,60,fixed_S12_T0,0,0,0,0,0,,,1,121,,,
tap_pressure_ramp,60,fixed_S24_T12,6.589240482345024e-16,6.589240482345024e-16,0,1.647310120586256e-15,6.589240482345024e-16,,,1,121,,,
tap_pressure_ramp,120,raw,0,0,0,0,0,,,1,241,0,0,0
tap_pressure_ramp,120,one_euro_35,0,0,0,0,0,,,1,241,0,0,0
tap_pressure_ramp,120,one_euro_100,0,0,0,0,0,,,1,241,0,0,0
tap_pressure_ramp,120,fixed_S4_T0,0,0,0,0,0,,,1,241,,,
tap_pressure_ramp,120,fixed_S12_T0,0,0,0,0,0,,,1,241,,,
tap_pressure_ramp,120,fixed_S24_T12,0,0,0,0,0,,,1,241,,,
tap_pressure_ramp,240,raw,0,0,0,0,0,,,1,481,0,0,0
tap_pressure_ramp,240,one_euro_35,0,0,0,0,0,,,1,481,0,0,0
tap_pressure_ramp,240,one_euro_100,0,0,0,0,0,,,1,481,0,0,0
tap_pressure_ramp,240,fixed_S4_T0,0,0,0,0,0,,,1,481,,,
tap_pressure_ramp,240,fixed_S12_T0,0,0,0,0,0,,,1,481,,,
tap_pressure_ramp,240,fixed_S24_T12,0,0,0,0,0,,,1,481,,,
